{
  "ext/CustomFilter-Rating-dbg.js": 1716583495000,
  "i18n/i18n_en.properties": 1716657728781,
  "i18n/i18n.properties": 1716657728781,
  "i18n/i18n_en_US.properties": 1716657728781,
  "i18n/customI18N_en.properties": 1716583495000,
  "i18n/customI18N.properties": 1716583495000,
  "ext/controller/CustomObjectPage.controller.js": 1716658484846,
  "ext/controller/data.json": 1716583495000,
  "utils/locate-reuse-libs.js": 1716583495000,
  "ext/SideContent.js": 1716583495000,
  "ext/CustomFilter-Rating.js": 1716583495000,
  "ext/CustomController.js": 1716583495000,
  "ext/CustomActions.js": 1716583495000,
  "manifest.json": 1716743489382,
  "Component.js": 1716657459750,
  "ext/controller/CustomObjectPage-dbg.controller.js": 1716658484846,
  "ext/controller/CustomObjectPage.controller.js.map": 1716743489771,
  "utils/locate-reuse-libs-dbg.js": 1716583495000,
  "utils/locate-reuse-libs.js.map": 1716743489782,
  "ext/SideContent-dbg.js": 1716583495000,
  "ext/SideContent.js.map": 1716743489742,
  "i18n/customI18N_en_US.properties": 1716583495000,
  "ext/CustomFilter-Rating.js.map": 1716743489734,
  "ext/CustomController-dbg.js": 1716583495000,
  "ext/CustomController.js.map": 1716743489764,
  "ext/CustomActions-dbg.js": 1716583495000,
  "ext/CustomActions.js.map": 1716743489750,
  "Component-dbg.js": 1716657459750,
  "Component.js.map": 1716743489752,
  "Component-preload.js": 1716743490079,
  "Component-preload.js.map": 1716743490079,
  "ext/view/CustomObjectPage.view.xml": 1716657476897,
  "ext/SideContentTable.fragment.xml": 1716658484846,
  "ext/SideContent.fragment.xml": 1716658484846,
  "ext/CustomSubSection.fragment.xml": 1716583495000,
  "ext/CustomSection.fragment.xml": 1716658484846,
  "ext/CustomHeaderFacet-ProcessFlow.fragment.xml": 1716658484846,
  "ext/CustomHeaderFacet-Edit.fragment.xml": 1716583495000,
  "ext/CustomFilter-Rating.fragment.xml": 1716658484846,
  "ext/CustomField-DateRange.fragment.xml": 1716583495000,
  "ext/CustomField-DatePicker.fragment.xml": 1716583495000,
  "ext/CustomColumn-ProcessFlow.fragment.xml": 1716658484846,
  "ext/CustomColumn-DateRangeLR.fragment.xml": 1716583495000,
  "index.html": 1716657728781
}