{
  "Component.js": 1716658135322,
  "i18n/i18n_en_US.properties": 1716583495000,
  "i18n/i18n.properties": 1716583495000,
  "i18n/i18n_en.properties": 1716583495000,
  "manifest.json": 1716743512489,
  "utils/locate-reuse-libs.js": 1716583495000,
  "Component-dbg.js": 1716658135322,
  "Component.js.map": 1716743512636,
  "utils/locate-reuse-libs-dbg.js": 1716583495000,
  "utils/locate-reuse-libs.js.map": 1716743512652,
  "Component-preload.js": 1716743512833,
  "Component-preload.js.map": 1716743512833,
  "index.html": 1716658135322
}