<core:FragmentDefinition xmlns:core="sap.ui.core" xmlns="sap.m" xmlns:l="sap.ui.layout" xmlns:commons="sap.suite.ui.commons">
	<commons:MicroProcessFlow core:require="{handler: 'featureshowcase/ext/CustomController'}">
		<commons:content>
			<commons:MicroProcessFlowItem state="Error" press="handler.itemPressHeader">
				<commons:customData>
					<core:CustomData key="title" value="Shipping"/>
					<core:CustomData key="icon" value="sap-icon://warning"/>
					<core:CustomData key="subTitle" value="Overdue in 2 days"/>
					<core:CustomData key="description"
									 value="Lorem ipsum dolor sit amet, consectetur adipiscing elit. Proin maximus congue massa, sed euismod lectus tristique at. Praesent ornare arcu lacus, id consectetur ligula vestibulum vel. Nunc at lorem feugiat, malesuada nunc eu, ultrices lorem."/>
				</commons:customData>
			</commons:MicroProcessFlowItem>
			<commons:MicroProcessFlowItem state="Success" press="handler.itemPressHeader">
				<commons:customData>
					<core:CustomData key="title" value="Payment"/>
					<core:CustomData key="icon" value="sap-icon://accept"/>
					<core:CustomData key="subTitle" value="Payment successful"/>
					<core:CustomData key="description" value="Lorem ipsum dolor sit amet."/>
				</commons:customData>
			</commons:MicroProcessFlowItem>
			<commons:MicroProcessFlowItem state="Warning" press="handler.itemPressHeader">
				<commons:customData>
					<core:CustomData key="title" value="Shipping"/>
					<core:CustomData key="icon" value="sap-icon://warning"/>
					<core:CustomData key="subTitle" value="Complete in 15 hours"/>
					<core:CustomData key="description"
									 value="Lorem ipsum dolor sit amet, consectetur adipiscing elit. Proin maximus congue massa, sed euismod lectus tristique at. Praesent ornare arcu lacus, id consectetur ligula vestibulum vel. Nunc at lorem feugiat, malesuada nunc eu, ultrices lorem."/>
				</commons:customData>
			</commons:MicroProcessFlowItem>
		</commons:content>
	</commons:MicroProcessFlow>
</core:FragmentDefinition>